Folder,Name
Type_1_extra,5
Type_1_extra,102
Type_1_extra,257
Type_1_extra,338
Type_1_extra,456
Type_1_extra,569
Type_1_extra,571
Type_1_extra,763
Type_1_extra,863
Type_1_extra,942
Type_1_extra,1047
Type_1_extra,1081
Type_1_extra,1243
Type_1_extra,1251
Type_1_extra,1263
Type_1_extra,1411
Type_1_extra,1452
Type_1_extra,1518
Type_1_extra,1661
Type_1_extra,1785
Type_1_extra,1790
Type_1_extra,1863
Type_1_extra,1987
Type_1_extra,2030
Type_1_extra,2032
Type_1_extra,2150
Type_1_extra,2152
Type_1_extra,2175
Type_1_extra,2236
Type_1_extra,2402
Type_1_extra,2473
Type_1_extra,2630
Type_1_extra,2808
Type_1_extra,2835
Type_1_extra,3839
Type_1_extra,2877
Type_1_extra,2949
Type_1_extra,3008
Type_1_extra,3048
Type_1_extra,3173
Type_1_extra,3258
Type_1_extra,3414
Type_1_extra,3415
Type_1_extra,3472
Type_1_extra,3659
Type_1_extra,3806
Type_1_extra,3848
Type_1_extra,3973
Type_1_extra,4041
Type_1_extra,4065
Type_1_extra,4193
Type_1_extra,4195
Type_1_extra,4338
Type_1_extra,4339
Type_1_extra,4513
Type_1_extra,4555
Type_1_extra,4556
Type_1_extra,4557
Type_1_extra,4684
Type_1_extra,4685
Type_1_extra,4686
Type_1_extra,4687
Type_1_extra,4701
Type_1_extra,4702
Type_1_extra,4706
Type_1_extra,4874
Type_1_extra,4875
Type_1_extra,4884
Type_1_extra,4885
Type_1_extra,4984
Type_1_extra,5355
Type_1_extra,5358
Type_1_extra,5768
Type_1_extra,5846
Type_1_extra,5847
Type_1_extra,5848
Type_1_extra,5849
Type_1_extra,5850
Type_1_extra,5852
Type_1_extra,5893
Type_1_extra,5910
Type_1_extra,5987
Type_1_extra,6025
Type_1_extra,6256
Type_1_extra,6360
Type_1_extra,6388
Type_1_extra,6389
Type_1_extra,6415
Type_1_extra,6416
Type_1_extra,6445
Type_1_extra,6446
Type_1_extra,6748
Type_1_extra,6750
Type_2_extra,41
Type_2_extra,50
Type_2_extra,84
Type_2_extra,152
Type_2_extra,167
Type_2_extra,197
Type_2_extra,219
Type_2_extra,279
Type_2_extra,281
Type_2_extra,333
Type_2_extra,370
Type_2_extra,373
Type_2_extra,386
Type_2_extra,436
Type_2_extra,527
Type_2_extra,552
Type_2_extra,561
Type_2_extra,593
Type_2_extra,741
Type_2_extra,764
Type_2_extra,842
Type_2_extra,879
Type_2_extra,882
Type_2_extra,902
Type_2_extra,904
Type_2_extra,908
Type_2_extra,919
Type_2_extra,920
Type_2_extra,934
Type_2_extra,950
Type_2_extra,982
Type_2_extra,1077
Type_2_extra,1103
Type_2_extra,1134
Type_2_extra,1229
Type_2_extra,1230
Type_2_extra,1248
Type_2_extra,1260
Type_2_extra,1280
Type_2_extra,1291
Type_2_extra,1302
Type_2_extra,1349
Type_2_extra,1358
Type_2_extra,1359
Type_2_extra,1375
Type_2_extra,1381
Type_2_extra,1384
Type_2_extra,1398
Type_2_extra,1463
Type_2_extra,1511
Type_2_extra,1514
Type_2_extra,1543
Type_2_extra,1549
Type_2_extra,1553
Type_2_extra,1554
Type_2_extra,1591
Type_2_extra,1594
Type_2_extra,1602
Type_2_extra,1608
Type_2_extra,1649
Type_2_extra,1657
Type_2_extra,1691
Type_2_extra,1738
Type_2_extra,1744
Type_2_extra,1813
Type_2_extra,1839
Type_2_extra,1840
Type_2_extra,1846
Type_2_extra,1867
Type_2_extra,1879
Type_2_extra,1896
Type_2_extra,1908
Type_2_extra,1940
Type_2_extra,1946
Type_2_extra,1978
Type_2_extra,1982
Type_2_extra,1988
Type_2_extra,2029
Type_2_extra,2040
Type_2_extra,2073
Type_2_extra,2090
Type_2_extra,2094
Type_2_extra,2115
Type_2_extra,2120
Type_2_extra,2145
Type_2_extra,2172
Type_2_extra,2173
Type_2_extra,2310
Type_2_extra,2311
Type_2_extra,2329
Type_2_extra,2346
Type_2_extra,2393
Type_2_extra,2407
Type_2_extra,2454
Type_2_extra,2458
Type_2_extra,2514
Type_2_extra,2533
Type_2_extra,2560
Type_2_extra,2565
Type_2_extra,2573
Type_2_extra,2658
Type_2_extra,2669
Type_2_extra,2671
Type_2_extra,2677
Type_2_extra,2693
Type_2_extra,2699
Type_2_extra,2717
Type_2_extra,2727
Type_2_extra,2746
Type_2_extra,2752
Type_2_extra,2770
Type_2_extra,2773
Type_2_extra,2774
Type_2_extra,2793
Type_2_extra,2796
Type_2_extra,2812
Type_2_extra,2845
Type_2_extra,2855
Type_2_extra,2872
Type_2_extra,2884
Type_2_extra,2885
Type_2_extra,2907
Type_2_extra,2916
Type_2_extra,2936
Type_2_extra,2953
Type_2_extra,2961
Type_2_extra,2984
Type_2_extra,3002
Type_2_extra,3046
Type_2_extra,3086
Type_2_extra,3103
Type_2_extra,3104
Type_2_extra,3108
Type_2_extra,3121
Type_2_extra,3138
Type_2_extra,3140
Type_2_extra,3155
Type_2_extra,3175
Type_2_extra,3180
Type_2_extra,3198
Type_2_extra,3230
Type_2_extra,3253
Type_2_extra,3289
Type_2_extra,3301
Type_2_extra,3319
Type_2_extra,3326
Type_2_extra,3342
Type_2_extra,3364
Type_2_extra,3367
Type_2_extra,3372
Type_2_extra,3375
Type_2_extra,3378
Type_2_extra,3388
Type_2_extra,3396
Type_2_extra,3419
Type_2_extra,3450
Type_2_extra,3465
Type_2_extra,3487
Type_2_extra,3501
Type_2_extra,3502
Type_2_extra,3530
Type_2_extra,3537
Type_2_extra,3541
Type_2_extra,3542
Type_2_extra,3546
Type_2_extra,3594
Type_2_extra,3618
Type_2_extra,3624
Type_2_extra,3628
Type_2_extra,3649
Type_2_extra,3698
Type_2_extra,3738
Type_2_extra,3764
Type_2_extra,3771
Type_2_extra,3772
Type_2_extra,3809
Type_2_extra,3812
Type_2_extra,3815
Type_2_extra,3830
Type_2_extra,3837
Type_2_extra,3847
Type_2_extra,3850
Type_2_extra,3887
Type_2_extra,3905
Type_2_extra,3960
Type_2_extra,4135
Type_2_extra,4145
Type_2_extra,4146
Type_2_extra,4147
Type_2_extra,4186
Type_2_extra,4197
Type_2_extra,4198
Type_2_extra,4200
Type_2_extra,4221
Type_2_extra,4222
Type_2_extra,4227
Type_2_extra,4228
Type_2_extra,4229
Type_2_extra,4230
Type_2_extra,4241
Type_2_extra,4243
Type_2_extra,4250
Type_2_extra,4253
Type_2_extra,4358
Type_2_extra,4267
Type_2_extra,4268
Type_2_extra,4274
Type_2_extra,4275
Type_2_extra,4278
Type_2_extra,4279
Type_2_extra,4280
Type_2_extra,4281
Type_2_extra,4282
Type_2_extra,4283
Type_2_extra,4287
Type_2_extra,4298
Type_2_extra,4310
Type_2_extra,4311
Type_2_extra,4328
Type_2_extra,4330
Type_2_extra,4345
Type_2_extra,4346
Type_2_extra,4347
Type_2_extra,4348
Type_2_extra,4349
Type_2_extra,4366
Type_2_extra,4367
Type_2_extra,4441
Type_2_extra,4529
Type_2_extra,4542
Type_2_extra,4543
Type_2_extra,4561
Type_2_extra,4568
Type_2_extra,4585
Type_2_extra,4586
Type_2_extra,4588
Type_2_extra,4589
Type_2_extra,4592
Type_2_extra,4593
Type_2_extra,4594
Type_2_extra,4595
Type_2_extra,4618
Type_2_extra,4619
Type_2_extra,4620
Type_2_extra,4625
Type_2_extra,4627
Type_2_extra,4637
Type_2_extra,4641
Type_2_extra,4643
Type_2_extra,4644
Type_2_extra,4645
Type_2_extra,4646
Type_2_extra,4651
Type_2_extra,4652
Type_2_extra,4653
Type_2_extra,4654
Type_2_extra,4665
Type_2_extra,4672
Type_2_extra,4673
Type_2_extra,4712
Type_2_extra,4795
Type_2_extra,4834
Type_2_extra,4839
Type_2_extra,4866
Type_2_extra,4914
Type_2_extra,4915
Type_2_extra,4981
Type_2_extra,5008
Type_2_extra,5014
Type_2_extra,5028
Type_2_extra,5029
Type_2_extra,5031
Type_2_extra,5059
Type_2_extra,5073
Type_2_extra,5083
Type_2_extra,5100
Type_2_extra,5173
Type_2_extra,5174
Type_2_extra,5175
Type_2_extra,5176
Type_2_extra,5215
Type_2_extra,5216
Type_2_extra,5217
Type_2_extra,5275
Type_2_extra,5279
Type_2_extra,5280
Type_2_extra,5281
Type_2_extra,5283
Type_2_extra,5288
Type_2_extra,5333
Type_2_extra,5345
Type_2_extra,5346
Type_2_extra,5347
Type_2_extra,5348
Type_2_extra,5349
Type_2_extra,5363
Type_2_extra,5372
Type_2_extra,5373
Type_2_extra,5375
Type_2_extra,5377
Type_2_extra,5379
Type_2_extra,5380
Type_2_extra,5383
Type_2_extra,5384
Type_2_extra,5386
Type_2_extra,5430
Type_2_extra,5431
Type_2_extra,5464
Type_2_extra,5468
Type_2_extra,5483
Type_2_extra,5496
Type_2_extra,5548
Type_2_extra,5596
Type_2_extra,5601
Type_2_extra,5602
Type_2_extra,5621
Type_2_extra,5622
Type_2_extra,5623
Type_2_extra,5627
Type_2_extra,5628
Type_2_extra,5633
Type_2_extra,5639
Type_2_extra,5657
Type_2_extra,5660
Type_2_extra,5718
Type_2_extra,5719
Type_2_extra,5724
Type_2_extra,5725
Type_2_extra,5727
Type_2_extra,5729
Type_2_extra,5731
Type_2_extra,5744
Type_2_extra,5753
Type_2_extra,5757
Type_2_extra,5801
Type_2_extra,6121
Type_2_extra,6171
Type_2_extra,6172
Type_2_extra,6173
Type_2_extra,6174
Type_2_extra,6175
Type_2_extra,6176
Type_2_extra,6198
Type_2_extra,6216
Type_2_extra,6217
Type_2_extra,6218
Type_2_extra,6321
Type_2_extra,6324
Type_2_extra,6343
Type_2_extra,6344
Type_2_extra,6441
Type_2_extra,6442
Type_2_extra,6443
Type_2_extra,6444
Type_2_extra,6463
Type_2_extra,6537
Type_2_extra,6538
Type_2_extra,6555
Type_2_extra,6556
Type_2_extra,6569
Type_2_extra,6570
Type_2_extra,6571
Type_2_extra,6572
Type_2_extra,6573
Type_2_extra,6598
Type_2_extra,6602
Type_2_extra,6603
Type_2_extra,6767
Type_2_extra,6819
Type_2_extra,6820
Type_2_extra,6829
Type_2_extra,6852
Type_2_extra,6853
Type_2_extra,6854
Type_2_extra,6855
Type_2_extra,6856
Type_2_extra,6874
Type_3_extra,15
Type_3_extra,19
Type_3_extra,106
Type_3_extra,198
Type_3_extra,206
Type_3_extra,216
Type_3_extra,267
Type_3_extra,327
Type_3_extra,332
Type_3_extra,388
Type_3_extra,409
Type_3_extra,468
Type_3_extra,478
Type_3_extra,483
Type_3_extra,500
Type_3_extra,526
Type_3_extra,533
Type_3_extra,535
Type_3_extra,568
Type_3_extra,628
Type_3_extra,642
Type_3_extra,739
Type_3_extra,818
Type_3_extra,890
Type_3_extra,892
Type_3_extra,893
Type_3_extra,911
Type_3_extra,1063
Type_3_extra,1088
Type_3_extra,1191
Type_3_extra,1356
Type_3_extra,1394
Type_3_extra,1532
Type_3_extra,1595
Type_3_extra,1618
Type_3_extra,1664
Type_3_extra,1711
Type_3_extra,1767
Type_3_extra,1787
Type_3_extra,1883
Type_3_extra,2031
Type_3_extra,2036
Type_3_extra,2074
Type_3_extra,2095
Type_3_extra,2143
Type_3_extra,2255
Type_3_extra,2309
Type_3_extra,2313
Type_3_extra,2381
Type_3_extra,2384
Type_3_extra,2447
Type_3_extra,2490
Type_3_extra,2536
Type_3_extra,2586
Type_3_extra,2595
Type_3_extra,2637
Type_3_extra,2828
Type_3_extra,2903
Type_3_extra,3080
Type_3_extra,3097
Type_3_extra,3128
Type_3_extra,3129
Type_3_extra,3167
Type_3_extra,3193
Type_3_extra,3209
Type_3_extra,3356
Type_3_extra,3373
Type_3_extra,3437
Type_3_extra,3493
Type_3_extra,3581
Type_3_extra,3622
Type_3_extra,3638
Type_3_extra,3787
Type_3_extra,3807
Type_3_extra,3898
Type_3_extra,3902
Type_3_extra,3961
Type_3_extra,4075
Type_3_extra,4079
Type_3_extra,4115
Type_3_extra,4124
Type_3_extra,4125
Type_3_extra,4126
Type_3_extra,4173
Type_3_extra,4189
Type_3_extra,4224
Type_3_extra,4225
Type_3_extra,4302
Type_3_extra,4331
Type_3_extra,4354
Type_3_extra,4432
Type_3_extra,4433
Type_3_extra,4452
Type_3_extra,4500
Type_3_extra,4533
Type_3_extra,4550
Type_3_extra,4574
Type_3_extra,4602
Type_3_extra,4763
Type_3_extra,4764
Type_3_extra,4769
Type_3_extra,4771
Type_3_extra,4772
Type_3_extra,4773
Type_3_extra,4777
Type_3_extra,4778
Type_3_extra,4788
Type_3_extra,4825
Type_3_extra,4844
Type_3_extra,4855
Type_3_extra,4899
Type_3_extra,4917
Type_3_extra,4975
Type_3_extra,4983
Type_3_extra,4993
Type_3_extra,4994
Type_3_extra,4995
Type_3_extra,4996
Type_3_extra,4997
Type_3_extra,5019
Type_3_extra,5020
Type_3_extra,5021
Type_3_extra,5027
Type_3_extra,5056
Type_3_extra,5057
Type_3_extra,5060
Type_3_extra,5070
Type_3_extra,5080
Type_3_extra,5084
Type_3_extra,5085
Type_3_extra,5095
Type_3_extra,5109
Type_3_extra,5110
Type_3_extra,5238
Type_3_extra,5239
Type_3_extra,5244
Type_3_extra,5264
Type_3_extra,5266
Type_3_extra,5267
Type_3_extra,5270
Type_3_extra,5301
Type_3_extra,5305
Type_3_extra,5311
Type_3_extra,5324
Type_3_extra,5326
Type_3_extra,5327
Type_3_extra,5329
Type_3_extra,5330
Type_3_extra,5339
Type_3_extra,5343
Type_3_extra,5350
Type_3_extra,5395
Type_3_extra,5397
Type_3_extra,5401
Type_3_extra,5425
Type_3_extra,5426
Type_3_extra,5427
Type_3_extra,5433
Type_3_extra,5435
Type_3_extra,5437
Type_3_extra,5440
Type_3_extra,5448
Type_3_extra,5460
Type_3_extra,5472
Type_3_extra,5474
Type_3_extra,5476
Type_3_extra,5480
Type_3_extra,5481
Type_3_extra,5486
Type_3_extra,5503
Type_3_extra,5505
Type_3_extra,5507
Type_3_extra,5508
Type_3_extra,5509
Type_3_extra,5512
Type_3_extra,5517
Type_3_extra,5522
Type_3_extra,5559
Type_3_extra,5561
Type_3_extra,5564
Type_3_extra,5566
Type_3_extra,5569
Type_3_extra,5588
Type_3_extra,5590
Type_3_extra,5591
Type_3_extra,5605
Type_3_extra,5606
Type_3_extra,5610
Type_3_extra,5634
Type_3_extra,5635
Type_3_extra,5649
Type_3_extra,5651
Type_3_extra,5677
Type_3_extra,5682
Type_3_extra,5683
Type_3_extra,5684
Type_3_extra,5685
Type_3_extra,5688
Type_3_extra,5689
Type_3_extra,5690
Type_3_extra,5691
Type_3_extra,5692
Type_3_extra,5694
Type_3_extra,5695
Type_3_extra,5699
Type_3_extra,5701
Type_3_extra,5702
Type_3_extra,5705
Type_3_extra,5708
Type_3_extra,5714
Type_3_extra,5734
Type_3_extra,5735
Type_3_extra,5737
Type_3_extra,5738
Type_3_extra,5739
Type_3_extra,5746
Type_3_extra,5747
Type_3_extra,5750
Type_3_extra,5751
Type_3_extra,5755
Type_3_extra,5765
Type_3_extra,5791
Type_3_extra,5833
Type_3_extra,5897
Type_3_extra,5967
Type_3_extra,6143
Type_3_extra,6267
Type_3_extra,6269
Type_3_extra,6335
Type_3_extra,6336
Type_3_extra,6342
Type_3_extra,6346
Type_3_extra,6347
Type_3_extra,6348
Type_3_extra,6618
Type_3_extra,6623
Type_3_extra,6637
Type_3_extra,6657
Type_3_extra,6677
Type_3_extra,6692
Type_3_extra,6693
Type_3_extra,6700
Type_3_extra,6701
Type_3_extra,6751
Type_3_extra,6813
Type_3_extra,6814
Type_3_extra,6885
Type_3_extra,6886
